location_key,country
1007e1b7f894dfbf72a0eaa80f3bc57e,Italy
5d839147c83e283c1d1bb705dc50586f,Nigeria
f264cd0bad43f1bc8d8d3836984968f5,"France, Canada, Belgium"
be1248de5bb795d9ee4656402168b9d6,"New Zealand, United States"
72ad8294a1b6e6244fe3cb156eabd707,"South Africa, United States, New Zealand, Canada"
da8b06a7a76c0389c99f052bffe6f01b,"France, Lebanon"
f78a77f631d275aac6a914a17fe1b885,Bangladesh
6ea1e24d60afddf388b06f8243c45b70,Jordan
1f3e3704e3b7a8d345e9538508bb62e0,"United Kingdom, Poland"
96c8186a84f81a207785465b6ca34d8b,"Finland, France"
b779605d3c32e3b0aa8f2c09fc1ed15d,"Norway, United States"
4445702db4d1c35bb28ed3930a08336d,"Argentina, Venezuela"
2f9c7d979c84f6202e23b5fdb571e332,"United States, France, Canada"
1b3a5af799606b8bacc07618c74d6763,"China, Japan"
8dbb07a18d46f63d8b3c8994d5ccc351,Mexico
64102be129a6e6c84f04b0b9a75ee9a8,"Venezuela, Colombia"
5bef90229856d1b5da7ff5e100fed919,"Japan, United States"
8d548c7c1c380d55de060259e1a8e8f0,"France, Canada, Italy, United States, China"
2ed1245b30261345f101086fa9cb078b,"United Kingdom, United States, Germany, Denmark, Belgium, Japan"
9e2af8581d4c81ddfd55e065c371a1a1,"Kuwait, United States"
77cfbf8bb53942d3b9330ac3b0d691a9,"Colombia, Mexico, United States"
1c52a3950eeccbc276303b0bfa265f25,"Argentina, Uruguay, Serbia"
db92466f563e7229a705bb2c03b44760,"India, Pakistan"
0c77ad78c9acd947e9b6f09de41f18e4,"Australia, France, Ireland"
70d5f654a5998b77849c66bc34e239a6,"Ireland, South Africa"
71182438674341b84e689b733a9911ae,"Poland,"
948b13d5a3e11e21baadc349e199020e,Guatemala
2d82ec0480f8f31cdcb9e63607b4499e,"Canada, United States, Denmark"
6256060bd3bcd3b4d8f4927ceb2aa24f,"Ireland, United Kingdom, France, Germany"
c7555d7081aa045564cfe1a972d856de,"Argentina, Uruguay, Spain, France"
fe00656db93753b4b3b0706e7d5b81b7,"United States, Hungary, Ireland, Canada"
6a7ede6e2d5c223f21fd6c9b2ac689ac,"Romania, United Kingdom"
05eba632567a9f8db2a324f6341a22c8,"France, United States, Canada"
1eba070387479ff5eb16e430f2125caa,"Canada, France"
3536be57ce0713954e454ae6c53ec023,Argentina
8be723239ebf700e83b36fe69489b3be,"United States, Australia"
d09e76a90e0f8522175c4093fc940c81,"United States, India, United Kingdom"
e49c4eb0a9c6a4c65247739ef85fddbf,"Argentina, Spain"
34594da92a978ee089c7ea53357b0461,"Mexico, United States"
60f1e67a5fbda0c1530d1aa711391474,"United Kingdom, United States, Canada"
6b6ba1ff42a67dc53bb71220095c3148,"Hong Kong, China, United States"
86cd13da6f168099dd50859c3d5a099e,"Canada, France, United States"
21be3a434c60c04b41c09601df22d71a,"Spain, Canada, United States"
83363fb96f7494b49b163afbe52d6e2b,"United States, Venezuela"
547dea70b0d725df2d6b0d60a98a1803,"Uruguay, Guatemala"
18b5d7f7e5baddb8102357265151fc51,"Canada, Norway"
0f969fcfe584fef9bef7f4ca654c4bac,"Chile, France"
07c3477bacbf275e47ab5dfa85e1ebe8,"India, Switzerland"
490a08da48472224ff598347b3b89fc6,"France, Norway, Lebanon, Belgium"
2493a48a4af240057f6eb2fbaa1a8611,"Peru, Germany, Norway"
153afb617e4f4279a04d6f09d067f808,"United Kingdom, Kenya"
dff186318ad55acf977f131e54348245,"Philippines, Qatar"
98752861694b43993f5317d9d517cc53,"United Kingdom, Canada, United States, Germany"
0ddc8a133c115edca8293d355ab4df6a,"India, Turkey"
2c4cc62efbf773fcd0c92f76eb212b84,"United Kingdom, Germany, Canada"
39a2b711573c8640309e10bdb3b8daf4,"Netherlands, Denmark, South Africa"
4d4803b0bb7dab1b0627e4f8277edc5b,South Korea
a4c2853d57e700a8c38130a31d64834d,"United Kingdom, Australia, Canada, United States"
037c337b60aa0875327ee06399e658d4,"United Kingdom, Belgium"
04ef8fdd2f6728db072ccefdbcb125ef,"Switzerland, France"
1cbbb38d31e36f9b1e8698ba0e58ba1c,"United Kingdom, France"
c20093a8005b746af3bd354dbf226519,"United Kingdom, Russia, United States"
ef3388cc5659bccb742fb8af762f1bfd,Colombia
211c717cb762932c9b8a53336d4db173,"Canada, India"
01f3775d65f8177817b747db46ea4992,"United States, Iceland"
8c569197bf8a05a92d9765fb11bf5470,"Indonesia, Singapore"
3ad08396dc5afa78f34f548eea3c1d64,Switzerland
6fb55a4dbe085a1e838749411cb45835,West Germany
a503f637387afbf84c342b115ae9eeff,"Netherlands, Belgium, Germany, Jordan"
6a2403a5fbb19a44907eb42e34d6b6c4,"India, Malaysia"
dcb1d2d84e1d5fbecc62648b651852f5,"United Kingdom, China"
2037831ddeadc44eaa8592e825ef634c,"France, Belgium"
5a3c3651abb3681356de7ec1ac83e209,"India, United Kingdom"
717e9146a228d62725b84ba09f11a184,"United States, Germany, Australia"
6cfbf278af330ef0a3aa1d4e82675264,"United Kingdom, South Africa, France"
cc0f97f536da59d3059dd41d526f2e96,"United States, Norway, Canada"
9891739094756d2605946c867b32ad28,Austria
84c8fa2341f7d052a1ee3a36ff043798,Peru
4f8cd1768131b664c182d9f25aae3cfb,"South Africa, Nigeria"
d5847d76b8eb9d7252cd0fa196a93a7f,"United Kingdom, Italy, Israel, Peru, United States"
c69700716187360c475631b5a145c4b1,"Norway, Germany"
f85b74e29b43fa9b664f7850f68aea93,"United Arab Emirates, United States, United Kingdom"
a6d3bea3fa66775952e080b90bb0c4f1,Mozambique
c8107f17e3aaed63ab0e66bf5bbdd626,"Philippines, United States"
9a8f2d29ff24bd37bc6e4cf531074027,"Australia, New Zealand, United States"
dd8e166c5181689ed37bd65770643b4a,"Saudi Arabia, United Arab Emirates"
3e7fa8f7fbd2ea3464361619595e835d,"United States, France, Japan"
2f30ea7d5dedceab825d53e9f3d7d8bb,"China, United States, United Kingdom"
0906e9c95bd26109efe6d4147d06a173,"United States, United Kingdom, France"
5ee878a6482785519d644588251e950b,"United Kingdom, Germany, Spain, United States"
b1251ce3789517168616823b12882134,"United States, United Kingdom, India"
799e78dcfe4d494ea67b7c402473f7d4,"United Kingdom, Canada"
3f48d4b10da0850a47e1b0c9fb7e9404,"Ireland, Canada, United Kingdom, United States"
3bb22916aaefa134d547c3ff822032ea,"India, Germany"
2e6507f70a9cc26fb50f5fd82a83c7ef,Chile
62a1804fa50a618da0e104a771246a01,"United States, Greece, United Kingdom"
d11842aa1892a1030db91cbf75e70df7,"South Africa, Angola"
c2151eeb7afd97d3791ca062ea8721c0,"United States, Canada, Japan, Panama"
91a92b5fc7c44387726fcbbe98478131,"United States, New Zealand, Japan"
74d9c35984bf0744039a43a4150410ae,"Taiwan, Hong Kong, United States, China"
4ab31b9e3c6d7f27629e3169bab161e9,"Canada, South Africa"
24238fd49c3cbf3bc99622fc8d178a5c,"India, United Kingdom, France, Qatar"
f4c4a97bf46fed97d58688d81b6b9952,"United States, Indonesia"
f4b655c5168094aae33d050117306850,"United States, Sweden, Norway"
fdef6daa799e80dbce1b561577b21181,Vietnam
dad42898a2b5121ae564bf9268c94c9d,"China, United States, Australia"
3d9e20a575f86aa3b53b07e266a06d6c,"Canada, Nigeria, United States"
06630c890abadde9228ea818ce52b621,Luxembourg
9bb3da3cc0af81a8ec3f85e9af8d6f11,"Norway, Germany, Sweden"
ff55db138b1888b57ee9931f7a600909,"United Kingdom, Namibia, South Africa, Zimbabwe, United States"
539795cf2a4b2865c9841025ee761f22,"Sweden, Netherlands"
cdedfdddcbb435a0656b029f407e0d73,"Mexico, France, Colombia"
e89e1919153e11a62ac300def66fde63,"Spain, Switzerland"
e0650d85af9b1f49379e5110ca9777be,"Germany, France"
62892f82ef21b530ed17aa66fec0ce97,"Belgium, United Kingdom, United States"
c9325eaa979a0f1b85f5f3eb941404c3,"Singapore, United States"
92d977a2ecacecff22a414aa25b1a1d2,"Canada, United States, Cayman Islands"
e688032a361bfc1def73374c39f6e8dd,"Canada, United States, United Kingdom, France, Luxembourg"
6bac057321ab45e9a6542a0358cb2221,"United States, Japan"
12006e969f93157b7aeb4111bf6885bc,"United Kingdom, Canada, France, United States"
30a21be4b6c9c303edc934e27b23a0ca,"Denmark, Indonesia, Finland, Norway, United Kingdom, Israel, France, United States, Germany, Netherlands"
41a35ac3ad09a89a81aa75a4684b7d94,"United Kingdom, France, Germany"
4a61ef4ca8f92d36f670410bf01b8d96,"Australia, France"
103357e3e40a9c0e4e9d36110f7bbc7a,Thailand
612ba7aa88ea6f054db2a76c05ef694d,"Egypt, Algeria"
e5a8300cce4a74eb4598d8e03f532558,"Poland, United States"
0578451f8ca1a5fb405622bfcc5c1826,"Singapore, France"
b9e6105bbdf6bf23a4aeb23b83ffc1cf,"Lebanon, United States, United Arab Emirates"
79b912ace3e56dd8772a00f88fc7b4fb,"Serbia, South Korea, Slovenia"
213948749e030dc9c3f6e5becd92af81,"Mauritius, South Africa"
2d6dc3c5f3b0f42b49c80e268573b951,"United Kingdom, France, Belgium, Ireland, United States"
edd3b49b99be739ae944e83048dde2ad,"United Kingdom, India, Sweden"
b9394f39a312d56ddb30d99c37fb336f,"Australia, United Kingdom"
5d02e4e51a5825c31397954c4f2a1d6c,"New Zealand, United Kingdom"
89901f5dc11ce25d56f8be9822dd01af,"Russia, United States, China"
0c7d5ae44b2a0be9ebd7d6b9f7d60f20,Romania
65cf2cbe2bcb2a33f4e7ac46b2276b07,"United Kingdom, Germany, United Arab Emirates, New Zealand"
587d6ad5aa58e1c861d182f4879d4746,"Israel, Germany"
5f2057412af13de6f144d77677ba6ccd,"Germany, Sri Lanka"
1bbe6c87652866d23ba651e1909c8065,"Spain, Portugal"
89f9c9f489be2a83cf57e53b9197d288,United Kingdom
6c1674d14bf5f95742f572cddb0641a7,Belgium
7bc3cfba3afa20128f976a491eed1529,"United States, Germany, Mexico"
96a234e69468a3ef3de57ffcc7e69966,"United States, Russia"
c9e31416da46c4fa363d8ad810be7ffc,"United Kingdom, United States, France, Italy"
a44c9c6983a9a1f34ec669c60daa8b3c,"United States, Nicaragua"
dd0cb8247c1edb6e0a247fd081dd1655,"Norway, Iceland, United States"
551fe18ef47d4e6e9d943b9a68ada21d,Taiwan
ad546ae73a7246944a939ba79462650a,"Lebanon, United Arab Emirates, France, Switzerland, Germany"
159d90dfec7d93803585aa066b4b49f5,"Spain, France, Canada, United States"
167e4e34e8fe769c1553eedb3c3e1f2a,"United Kingdom, France, Germany, Spain"
aaa23b50e6790e7c720b002cf51367bd,"United Kingdom, Spain, Belgium"
eada819634d0164c6a7547bdcc405033,Georgia
445d337b5cd5de476f99333df6b0c2a7,Canada
950a20666fa76e938a5478e70218678f,"Canada, United States"
7f889bbf6ddc9884f3cd5048bb58239a,"United States, Czech Republic, United Kingdom"
b4fbe1973ca485f12768d7a9f6027935,"United States, Bulgaria"
598418147bae1117b66b034c009130b7,"India, United States"
b7b7658f0bb234a6bc7ef7fc838ba6e8,"United Kingdom, Australia, United States"
0e43ca317f46ad6bb1a475b7ad91e835,"Canada, United States, Mexico"
3f0e49c46cbde0c7adf5ea04a97ab261,Malaysia
9d5116a2451bc98c2b46b93acbc1b4f0,Zimbabwe
2554e1fba1a943a1c74d962b6ac28a5a,"Austria, United States"
e1bd5bd8db70c047d3942426936bc4cc,"Philippines, Canada, United Kingdom, United States"
f3a71aae8147a956054b0cd86735b953,"Brazil, Netherlands, United States, Colombia, Austria, Germany"
0aabca34a14a2e3931dd9a2c66b8faff,"France, South Korea, Japan"
3f2e1dad92cc18db44d27aab6d6406f5,"Germany, United States, United Kingdom, Canada"
66efaaf41192f75b30107210d14b234e,"Germany, United States, Canada"
eddfd13908ae9bad0c1c21c8ec4073c7,"Switzerland, France, Belgium, United States"
c8dec88e4807ff9f267f5929c3cba41e,"Ireland, Switzerland, United Kingdom, France, United States"
d9e8aedccc3d40acccf3badd1ba25193,"Spain, Thailand, United States"
e94f76a14706c03d691ef7a71b4ab0fb,"Canada, Belgium"
03400831e3e0f2776eb89844553da270,"France, United States, Mexico"
06c7a3c3a3344a62864b951aec4df830,Cambodia
816e06eced15e491b3699b862ce1837e,"France, Belgium, Italy"
56cbd4c8a79a50420e3fa4095c5a71f6,"Norway, Denmark, Sweden"
a5c5f0d13a06373acebf81f9dae43c81,"United Kingdom, France, Canada, Belgium, United States"
0503df198a22235c7b257dffa5db92a7,"Italy, Canada, France"
fbf8301640d7ee64ec33984d3098ef1e,"United States, Spain"
221cdfb73049678e244380b45872cbb2,Turkey
0309a6c666a7a803fdb9db95de71cf01,France
b46ea25b0462579bc040ae30722f30ba,"Canada, South Korea, United States"
e490f9f95f61f4f13858def1226152f4,"United States, Hong Kong"
f330e32be60367dd6933e27bf5c4b287,"United States, United Kingdom, Canada, China"
43fa7059467d06d4ab62e9db13626746,"United States, Canada, China"
ab0e39ab8f7cf81c3c65595cc92d2a32,"France, Germany"
e0eaa99626bf221576255c70e2fc5cab,"Ghana, United States"
62ddb7932f6b9c8c7422a77d32cafd23,"Philippines, Singapore, Indonesia"
c9557d12d445a1f0adf768d2c0394921,"United States, Uruguay"
8e80cc7733c7205ecb0b468e11066c12,"Uruguay, Argentina, Spain"
2ca1812acf36cbc4e72fc985af80e92c,"United States, Philippines"
7b61744308a47b691f1ee50bde0611bf,"United Kingdom, Australia"
e1ace9e02eef7992d178e39abf9426a4,"Egypt, Denmark, Germany"
e405adad44002f620864df222483968f,"United States, Singapore"
6c27b1357c4b56459f3e1f4b3acc9530,"South Korea, United States"
943492a820b702a3dd3167aa6d298715,"Saudi Arabia, Netherlands, Germany, Jordan, United Arab Emirates, United States"
f6cfb2c55522a546b40b10cc21a7c296,"France, Iran, United States"
4bb181aca91d19ddd93000d26ecfbad4,"Sweden, United States"
3e9d7a90274f74d04e8a5255d3be6970,"Brazil, India, China, United States"
ea77463954e30cf7a8b8478996cf2897,"Spain, Mexico"
de5b33df606a6bf7c6d59df2e26409e1,"Portugal, Spain"
9ea2df4a1aa6d3f7e2ca8b85263449c6,"United States, Senegal"
4ceb8e20a1c442b5f33854baf721c336,"Canada, Japan, Netherlands"
fa0b1c1f2a358b27d473d5b9042774c4,"Mexico, Argentina"
628677534ec871f3335b5c42c87b5598,"United Kingdom, Canada, United States, Cayman Islands"
c719c1deea11f0cbf2b74bcab0bdc3d2,"Ireland, Canada, Luxembourg, United States, United Kingdom, Philippines, India"
aa52af9f16bcb810446002f249b6fd62,"United States, New Zealand"
a34d404ab94a348a1f5e4ac7f152c7b7,"United States, Switzerland"
531d0c2368b9784cb3ad404f0d554702,"Canada, Germany, France, United States"
577a90210fec1524e386e60372955845,"France, Germany, Czech Republic, Belgium"
9d888da5407626450969362fbb30298d,"Colombia, Peru, United Kingdom"
ce0be9cdc8187c4f06f9bae7b2b9a993,"France, Netherlands, South Africa, Finland"
5e655f8c0096103c4022ec6e1263e817,"United Kingdom, India"
9eaa361a04af0261ef5559200cf2986a,"France, Algeria"
bad2c27471bb430ffc2edf8af1e318b4,"United Kingdom, Lithuania"
93196645de0ed1f50d2b9f3b8dff12ea,"Australia, Canada"
1f1eed693638cbaa9bc4728a4138a503,"France, Canada"
a789f2191153c1dad555934787a39a50,"China, United States"
5f008f0025d572a24aa05ae7b4f82c6b,"Switzerland, Vatican City, Italy, Germany, France"
4ffdc39d5b2df38ee3f10b20bdb0dc66,"United Kingdom, Czech Republic, United States, Germany, Bahamas"
5457d17500ee7406bedef10265f2abe4,"United States, Italy, United Kingdom, Liechtenstein"
538aef1fd175559a4d29173dd375f68c,"United States, Chile"
f99e26230c59ce8a05fac87a75aa12c4,"France, Germany, Switzerland"
5a32d3e7ab4dc4184136b4037b5b8876,"United Kingdom, United States, Czech Republic"
2561a7303c761a4b84763a2f86fe7b9c,"India, France"
02c1e0b9a7ab2b8afc079bc5dd18ba75,"Mexico, United States, Spain, Colombia"
646f06650b0534bfeba79d0be0d9f1f7,"United Kingdom, Israel, Russia"
2531c82964fe0edd517e7ac97cc5dd70,"Argentina, France, United States, Germany, Qatar"
f92557a972a119fc1b462388840c0de6,"United States, France, South Korea, Indonesia"
ed312a275d91fd7f038dd713bc9abbe6,"United States, France"
3c3e384178ec44d9610ee3dc6b81fa2f,"Hong Kong, Iceland, United States"
a380269d910008e996bf4895f5b5e509,"Canada, Germany"
aec63e8b61d0258f295ee3a35297153e,"Canada, United States, Germany"
17f4cd1890c7693219c6ad5540327af0,"United Kingdom, France, Germany, United States"
2c32e15a02753e9e0f8c9a7e54374ef8,"United Kingdom, Czech Republic, Germany, United States"
aa221b479e75754eca6911953232b52f,"Ireland, United Kingdom"
8889e06b7a452e8ccec420d1c9e97d08,"France, Malta, United States"
ea50260b0d4cd4e843d230a7166e827a,"Germany, Canada, United States"
01a151debf2bfee8906f43f4342eb10b,Bulgaria
98d3c7f4390e4e9c6bc6f8dcbeb89fcc,"Ireland, United Kingdom, Italy, United States"
fb85d2ecabb7bee283f5905d2e5acb23,"Pakistan, United States"
31bd98b5f129e564e8e2e20b56836c2f,"Australia, Germany"
aef87ff6e7cdbf8824a7e5a314d3d210,"Canada, Spain"
7aef6ec613de094f573959f9268b948c,"Chile, Brazil"
cb1bbb243ba37dd6525680b8fafa0d18,"Germany, Czech Republic"
b5316f83d42453eb0d2c7b48d82e2f8a,"Turkey, France, Germany, Poland"
499b62d1c4071ac074a75c47c0aa882a,"Norway, Denmark, Netherlands, Sweden"
b9409ca498818346070a13f1b28d4ed7,"Denmark, China"
93fe39912a3dd351e82b976f0964d403,"Italy, United States"
b864b18de28e4e82ebd2b8c6d10e8872,"United States, Sweden"
fc7b6a0890329a8bc12ee7afd2a69fe0,"United Kingdom, Denmark, Canada, Croatia"
db32b5f2b4f83dcc3ff756370e01d74d,"United States, France, Canada, Spain"
b02967e1e261feb8244f1213e5464d75,", France, Algeria"
b04ec8848c7892d1b5df4338a6c0d8b4,"United States, South Korea, China"
025709476330a30fddf9e29b82590ea2,"United Kingdom, South Africa, Australia, United States"
6df02952694f868cc3e93561d4815603,"United Kingdom, Pakistan"
7b95cc9697fcd38937eb15df004c6331,"United States, China, United Kingdom"
c315a66231f8b16704ca05c06975eb43,"United States,"
a2c8f8c983446ee8f8fa43ab1333079b,"Pakistan, United Arab Emirates"
0412c200570909ed10403e7cac246005,"India, Japan"
4be25f9d27da71d4e98775668b5b12af,Cameroon
263846a799bf4a5cbb45c8669d7fd0c0,"Romania, France, Switzerland, Germany"
0eddd048b5a87092c73b52cde0edc863,"Lebanon, France"
fb572f4e476e657feb8595ab2440e566,"Japan, Canada, United States"
aeefc24b7b9846781c3a33568772249f,"United States, South Korea"
9ae8d53050563ae2522e0f4e3ab15a75,"France, Australia, Germany"
c51ed580ea5e20c910d951f692512b4d,New Zealand
d7eccca8a061b7726d47cfc72e1dc8bb,"Canada, United Kingdom"
9bfc1f30cf359d4ad9f7708e8bb8f653,"France, Egypt"
6f1f33f00d479acbbe2c7f372626a61d,"Canada, United Kingdom, United States"
c4ef691fe79f8dc07c4e5fddf49048e7,"United Kingdom, Egypt, United States"
d6d505d1ef5b77857dc24f43bc3c8af0,"South Africa, Germany, Netherlands, France"
4f548ddd1a0ecec9879561d15f6ddd2f,"Belgium, France, Netherlands"
d93a41e15fcc6ae3bea59a8187d95a65,"United Arab Emirates, Jordan"
6fe410509d716a7375593776fa022e6a,"France, Luxembourg, United States"
5912770ff286d0b7fcd4d7ca31f48425,"United States, France, United Kingdom"
3ee6320e2faa4203aab13fca78fd6312,"Italy, India"
3999b521884101b7228ffff8924799b8,"United States, France, Denmark"
69305872692f4640c0013334e638ead3,"United Kingdom, United States"
1b1a25ecd42d88ac4ab23a2e730efa3c,"Spain, Italy, Argentina"
7d31e0da1ab99fe8b08a22118e2f402b,India
bfceaf33fb1cdf786381057e62487c26,"China, Hong Kong, United States"
49d90c0ac5b78248e03a4d400a7b9f3c,"South Africa, United States"
8b449fb5ee62ae3801f57fd451a44e06,"France, United Kingdom, United States"
9fe1131668d9543e007c97f316333f9b,"United Kingdom, France, Belgium, Canada, United States"
eb7a6a639f56a0c262538bb134a47551,"Serbia, United States"
485747088dbe3fb79d2cf36b9a24bb0c,"India, Canada"
94880bda83bda77c5692876700711f15,Poland
fa97d58703c6661450aa48435e507bc8,"Germany, United States, Sweden"
8e7406f2d65e0a2822260f4802176693,"United Kingdom, United States, Morocco"
15e7c6419c8515bc4ef67ba7b06f9148,"France, United Kingdom, India"
b41daf688c9effa4da9e923760720107,"Belgium, Ireland, Netherlands, Germany, Afghanistan"
c78b79fbda39540991db9bca3e77bdb2,"Chile, Spain, Argentina, Germany"
b3cf8a2fe3ac64bcaea42972e7828582,"Italy, France, Switzerland"
61c8098835b9fa465ce56bf662bd32cb,"United Kingdom, Spain, United States, Germany"
90d44345c7d91702d601d3ba8c3b6e6a,"Poland, West Germany"
43f67b52f79dc14bbae0961071bd3732,"Lebanon, Palestine, Denmark, Qatar"
33bf63efa6a6fd9c1ae29757742efd81,"Germany, United States"
a740a1e030ad4e199c44fbb63f1f747d,"Turkey, United States"
89bc447ddedff30874a02fef0ad8c281,"United Kingdom, Japan"
8f6f28f0d2061af28bcf49d1725b2cbd,United Arab Emirates
a67d4cbdd1b59e0ffccc6bafc83eb033,Netherlands
ce44524f390661bea9686d0979fd2fef,"United States, Taiwan"
94984a8c4896946d9bafd24959cb6181,Kenya
e73a8c18e82c722ea129a10ad4f3dc23,"Italy, United Kingdom"
9986531359550785caffb2032622437f,Senegal
85e5f5f134d84d7feb1d4567ca21c369,"Canada, India, Thailand, United States, United Arab Emirates"
7b2e7c1d0ce5d149a43c7175acafbf4d,"Denmark, Brazil, France, Portugal, Sweden"
a70ff366e9bb5c7690cc0550c1f158f9,"South Korea, Japan"
8d032329c91b2f56b4e0d04edcacc343,"Spain, France, United States"
02b10b5cfec6cb7f2e4a4dc89e33a54f,"Spain, United Kingdom"
a2b3fd9410b5218d84ff896e0b53dad6,"United States, France, Serbia"
94f238cb9345134c3ed57c12a47d7e7f,"United States, Morocco"
06808cda0ae0642661d264c01ade373e,"United States, United Kingdom, New Zealand"
57d60ae221c46c5168780ee862d4a86a,"United Kingdom, South Korea"
3f1790f69e94b4cb25888ef48dbf60a2,"United States, United Kingdom, Germany"
d044784615c8571d035843b84ccfe510,"United Kingdom, Nigeria"
4d2cdf0650a70f2c70d8222eb49bfea4,"United States, Israel, Italy, South Africa"
4cd935c0c0140bb981f7c91f230e0632,"France, New Zealand"
e95294b730f61c8175550ec244bfcb50,Venezuela
f96a17208f8708a2207cbae29fc0157b,"Georgia, Germany, France"
0da5d4917eb1353f3a441e8559c17d8e,"United States, Poland"
965107f36da2f5c9e61300035f848993,"Austria, Czech Republic"
f6db1496ec76b589b45f573baf11c807,"Denmark, Zimbabwe"
750df78cad695598a8de12dbb51d1222,"Germany, United Kingdom, United States"
b8dc90c5941507099fb2bbf82c371a90,"United States, United Kingdom, Canada"
5d8de2f24f8a7c5a80f400978cf6dfc1,"United Kingdom, Australia, France"
88690a99d19aa16c07c27b4734b19af0,"United States, United Kingdom, Japan"
e36fb3a5b51d0d874f16af49e045d5b3,"Germany, France, Luxembourg, United Kingdom, United States"
77dab2f81a6c8c9136efba7ab2c4c0f2,Philippines
3b0cbe203b86aa79c80a016cac60e6cb,"United Kingdom, United States, Australia"
96e8a9688eb2af9d01dfcf993704436a,"Netherlands, Belgium"
67159fc953ca9c5589d737b7f4200b46,"Australia, United Kingdom, United Arab Emirates, Canada"
b0c2dc8c0918ae7d8ec814516a0a0aed,"United States, Chile, Israel"
2d40b68b12fad434570111d3312ec343,"United States, Hungary"
05e265b69950265ce1ca8f9ae79511d4,"Turkey, Azerbaijan"
2a47cc76c3c20154b430814de2180954,"Netherlands, Denmark, France, Germany"
3237e29261ad8e6ed252b8f96e8e0a2d,"Indonesia, United States"
31021c8a4b57902cedcb0713ad7f50d9,"United States, Mexico, Colombia"
6b18556ed9e67e4caad5b7c76c79fb1a,"Austria, Iraq, United States"
92b2ec788a176baa68f79ed7e27fc61c,"Spain, France, Canada"
bf6d278879cfbb71dcbe461334c176f6,"Italy, Turkey"
69f4287626aee77f93e2c891b518838b,Namibia
06da18122e07cfbfde7f1aa7dd8c7e2c,"Russia, United States"
5571e8e236a2a914906dc2752cf261ad,"India, Germany, France"
7a528ab5db66281936a4416988d7b917,"Australia, United Kingdom, United States, New Zealand, Italy, France"
db6edd5b4f2a94d96316cc363d6a38a2,"France, Japan, United States"
70457442cacbe22339fb4c77ac19a763,"Netherlands, Belgium, United Kingdom, United States"
80b2924bc5d5f94bdd1e416f16ff99d8,"United Kingdom, Poland, United States"
afe3903f0053812facac46ee627b42b8,"Egypt, France"
b0efaf248d3e0ee49b447630733a7193,"Spain, Cuba"
75497a22409db78dcc52c291e078bc10,Uruguay
4bf968d91940ccf5e36a10652c676af1,"Cambodia, United States"
a28f316b1ebb4c47b8722e4f004e2f34,"Australia, India"
18add74f8d25924fc5f077e2202dfb4b,"United States, Botswana"
711a00e7fde3502873415b1bc0f018be,"Israel, Germany, France"
ae11b7b7182ab68b4aa697c7ac298b1f,"United States, Germany, United Kingdom, Australia"
455907626767de7bfdb7cc228372acd1,"United Kingdom, Jordan, Qatar, Iran"
29552de6b1827d896c58936dff4bf7d1,"United Kingdom, New Zealand"
c5dfccbccc4241ffefcb7bd17f69123e,"United States, United Kingdom, Denmark, Sweden"
892cb99e8974789483f38af47c3b82bf,"Belgium, France"
e0583b80903785b7f918629f435a47af,"United States, Australia, China"
1bde3d98940a50e65efce5f2747e6ce6,"Belgium, Netherlands"
8fc5d597b8601ce659d98aede115b553,"United States, Colombia, Mexico"
8ee7645999b130a9b8bf8aff972e0e29,"Mexico, Netherlands"
f0c72ec1e9a8be2bb36838e35df42009,"Italy, Switzerland, Albania, Poland"
11f29ac767165e95dc95fab8a3a92c03,"Chile, Italy"
a69c5fcad31f993b051adf9f7d4531c3,"United States, Ireland, United Kingdom, India"
5b69b7df4197eea300f9b20213b84456,"France, Belgium, Spain"
7b7776ee503bd69606873fc92a7e7b1f,"France, Belgium, United States"
9f718ede54c35801e60c997767685083,"United Kingdom, United States, France, Germany"
2ade19252c0511abc3c9d68db9d35b96,"Italy, Switzerland, France, Germany"
5295d843747a84fca1801f2b0947df22,"United Kingdom, Spain, United States"
44ef0a731cc1772e3b4a63d71255ea50,"United States, Italy, France, Japan"
335d96f4c531a58c9e196a8f1c81b732,"Bulgaria, United States"
c5dcdd61d51cdac1336fe7dde6bdd219,"Hungary, United States"
ba486faff460ff1773eb7214daee592e,"Denmark, France, United States, Sweden"
37c52e75bf98a115c7a07afce39317d9,"United Kingdom, France, Poland, Germany, United States"
96c18c2421e4021b621836fb2fca1ce9,"Chile, Argentina, France, Spain, United States"
d5b9290a0b67727d4ba1ca6059dc31a6,Norway
5feb168ca8fb495dcc89b1208cdeb919,Russia
d656c922c671320ba9f409063063909d,"United Kingdom, Hong Kong"
282cf4ec624fe02d50f855df0ecebd66,"Canada, France, Italy, Morocco, United States"
5fe3873adb942d17050c7f81927d0825,"Egypt, Austria, United States"
85d9ad47e140df97bf4bef3521de589e,"Saudi Arabia, Syria, Egypt, Lebanon, Kuwait"
70b507d4fed8354fc1660cd1b92de140,"Chile, Argentina"
b5b2d58f6817b2fc1c193ad6e347608e,"Czech Republic, Slovakia"
d436f25d21deb9711629c60e4c7d8a1a,"Norway, Denmark"
b474af77a288898084e66b9a3b516cdb,"Egypt, Saudi Arabia"
ad8b79b85206d5134735bf8850f0997c,"United Kingdom, Ireland, United States"
d89ee8b5ba5661b6ab30ccab6fbe0445,"Germany, Australia"
7335cb75737b71938b966e725e9a72e7,"Netherlands, Germany, Italy, Canada"
d8b00929dec65d422303256336ada04f,Germany
86792039acf5ccce134efb0147e4c333,"United States, India, Bangladesh"
1f26f23f4c4dd0f93703111f187cf203,"United States, Belgium, Canada, France"
de6e5ef51177a203df781e2a0739471e,"Canada, United States, United Kingdom"
6b1a84de92090abc0a26cda828178422,"United States, Germany, Canada"
4508df428a7c11f47fef2927ebca9a4f,"United States, Brazil"
d18d6c8bc7ace9fd324ccb2a65853b16,"Czech Republic, United States"
d18653ed8bc9c4a8a33a3a43491b07f8,"Argentina, Chile"
36629d38e79a5646334ffcdd981ed5a3,"Uruguay, Argentina"
d051f4925698004ff3b7d8c0f2169269,"United Kingdom, Belgium, Sweden"
560d4c6ff431c86546f3fcec72c748c7,Croatia
01c4793ded89f5617e15bf3e80ef793e,"Ireland, United Kingdom, United States"
0879995c4a0f0d7a64b0db3dd7c359fd,"France, Switzerland, Spain, United States, United Arab Emirates"
f3f68faf9f1057616129a299c783eaf1,"Bulgaria, United States, Spain, Canada"
247604791b0c7a3d759934e2f8cf14f8,"Germany, Italy"
23826f53a1cc6416fbefef4f0d7e2c5e,"India, Iran"
d6e4feb879113490d314a7800d47f188,"Singapore, Malaysia"
4a468cc27a73f67027dd2a3feb8c8f18,"Finland, Germany, Belgium"
51ec260bd5694f7f4d82a27543ea2f09,"United States, Argentina"
39196c37dace72dd46ae00f89b046356,"United Arab Emirates, Jordan, Lebanon, Saudi Arabia"
59b9d308e1c3169fddd92d5db91c6974,"Argentina, United States, Mexico"
5a8a40a57cb2d449ee6029467c22048e,"Spain, France"
631e734efa8d8a6951ec5ccc9a6b803d,"Lebanon, United Arab Emirates"
bc5ee669c876b451456ed0ad61bcbc50,"Spain, Belgium"
f9601d00949cfa6fb45b5cf0f10207a6,"Ireland, Canada"
31b32ae910cf20bec7af4acd010bcf86,"United Kingdom, Singapore"
ea2ba3f8011e19e3101ce65fdcefbcc4,Cyprus
35536477ceca05cdfa622ac1d9c4042e,"Denmark, Singapore, Canada, United States"
0168f4ecf2086d4268343e4317bf972a,"China, Hong Kong"
a7adc1a081baa8e0540a8b16b101709a,"India, United Kingdom, China, Canada, Japan, South Korea, United States"
1263d2eea085b01ee7b43b947a321f50,"United Kingdom, Japan, United States"
3c2762416c30d76704d6b5fd4719cfd2,"United States, United Kingdom, Canada, Japan"
61980ae69314f72507a373a39b12b8a0,"Iran, France"
9153b3f1825344f79d651cfc5fc085be,"Canada, United States, India, United Kingdom"
1363988562bde5abc46eb9112b17d677,"Lebanon, Canada, France"
d0f5e66092c6ee06ead2a9208bb7f51f,"Israel, Sweden, Germany, Netherlands"
02dd0feec61ccf963dba65c4ce08bd64,"Indonesia, South Korea, Singapore"
b3f49eb54f00d43536e3f5dc800d84a9,"Lebanon, Qatar"
07c7bf2763f8e5e7048c6edaf75302cc,"Australia, Iraq"
028254e67a57600fe4fef7956023273b,"Finland, Sweden, Norway, Latvia, Germany"
8b476ff778119b8d49588f3daadf69a1,Hong Kong
58ef88acb1c20436033aa39719aabb38,"United Kingdom, Germany, Canada, United States"
0594f43f441e3dd2ac175b7d1ca278c3,"France, Canada, United States, Spain"
0d1dc5786e88fd86e8e5eef214ab9042,"Portugal, United States"
79b08225d6709647547db383a6d8740a,"United Kingdom, United States, Dominican Republic"
f260e7b56550d69b3b7464824b5ef93d,"United States, India, France"
ce7943cc31e51b51a74fbd1fed07d2e6,"Germany, United States, Hong Kong, Singapore"
09629c6d335cf64e35ea7e6b23bf450a,"United States, Germany, United Kingdom"
9cd392d64ed7835acf1bfb39dadf7127,"Denmark, United Kingdom, South Africa, Sweden, Belgium"
a7e0ffb99322f02ac8cd293aa33d05f8,"Spain, France, United Kingdom, United States"
d925bfe61639b3a83067fc0af44e990b,"United States, Italy, Romania, United Kingdom"
b9698b8546220246fe600a949db326bf,Pakistan
3164e5af75efdb31d40e50dc2f35207d,"Paraguay, Argentina"
405586435c28d28b010f73f902a9d607,"Australia, United Arab Emirates"
ea556ab081b2f767f118a18c3f9db83c,"Thailand, United States"
a7fbead8889165c5a8a36135a309b8cc,"United Kingdom, Thailand"
46f2415b2e817c173e8b1b03eec9478c,"Spain, United States"
8e0b3fd6a3096c600c6fd8a5c9568e2f,"United Kingdom, United States, Spain, Germany, Greece, Canada"
413ee75bf48adccdc3b045ad2f5bb473,"Germany, Belgium"
5a405fc3ea27a7d043f0b22005728539,"United States, Netherlands, Japan, France"
e210dd07a2a1e4ee3d59b81c8303d2a2,"New Zealand, United Kingdom, Australia"
f13332f8fa4039fbb7972a94c3674878,"United States, Cambodia"
b6de3a7f1f38d3736c06a6a6ca26d34b,"United States, Ireland"
909f115a04ef739194b7b8438d2d89b1,"United States, United Kingdom, Australia"
39f7c14824c453121c35d5050799152c,"Norway, United Kingdom, France, Ireland"
ff032c576c65edf12d7509cb45544ef5,"United States, Thailand"
64b2bd27fda74c607df1d6bbf9136057,"United States, Canada, Belgium, United Kingdom"
ae54a5c026f31ada088992587d92cb3a,China
9c763114f120ac97e11f454baf1a1487,"Brazil, France, Germany"
0d38c5da557e9bbfc2119fb7e8d06474,"Ireland, United States, France"
2a2504818d6c3ae2ba780ff9c945d196,"Italy, South Africa, West Germany, Australia, United States"
4546ecf3dc19d1bf3016a1696f6768ef,"Denmark, Sweden, Israel, United States"
58e8f94897ae39e138a65cbbcbd1f980,"Brazil, United States"
cb097ec62ae3963671241c218b0b5ccc,"Canada, Ireland, United States"
a55b05ed90ffb228d88a2ddf66bfec91,"Mexico, Brazil"
3e61e6edae3b68924362ad12ef04570a,"Brazil, France"
60ca67d91ec7bc8658fd35ae12617507,", South Korea"
7c8958bdb36dccd6008d3ada1e992cfb,"Japan, Canada"
015a9dae381aa1e2e190dcf977022784,"Australia, United States"
5568f63da9bca959f9fdbfe76295b70a,"United States, Canada"
350c54535fe4b34beefaf13d99c6acd6,"United Kingdom, Italy"
05532542b32794d7764d7f897020b5e5,"United States, Canada, Ireland"
13475e37eefd9d9b57e2449185476972,"United Kingdom, China, United States"
8a4d40e4f4b6d9c23e8b4ed401717027,"France, Japan"
d16beb7669abfc8e8cdfbe48879569b9,"Ireland, Luxembourg, Belgium"
0d0c849a7b76613e440db8e4a70901a0,"United States, United Kingdom, Germany, Hungary"
8be1ebf84c81fe8ef6410c5ff114981a,"United Kingdom, France, United States, Belgium, Luxembourg, China, Germany"
1646d7faae6317c2e8762be3b3ed2ee8,"Somalia, Kenya, Sudan, South Africa, United States"
93818b3143f86b44302035c8f90e7d02,"Switzerland, United Kingdom, United States"
b835b521c29f399c78124c4b59341691,Saudi Arabia
55cf6b0532c8d9019402f537921254ae,"India, Australia"
b84e698366d9ba82fda3b9ea3d71010b,"Puerto Rico, United States, Colombia"
2cfedf621af1eef606dbef6c89775835,"Argentina, France"
7bb721a6044e12b3a06e8e5d635a6429,"Romania, Bulgaria, Hungary"
caae084da50aef998e080bdeacd76b1b,"United Kingdom, West Germany"
673358b68d7c40c068b4460fe081267f,"Singapore, Japan, France"
5656c37a90fb39e37e141992de8a46d5,"United Kingdom, Finland, Germany, United States, Australia, Japan, France, Ireland"
7ef811664c6b4c211dd2ec1ed45103e5,"South Korea, France"
af5ddf8664d3e6d584c9010deb17a246,"Denmark, Germany, Belgium, United Kingdom, France"
884b2dd5f97c3c51c663d00a264bcd4f,"United States, France, Canada, Belgium"
96013fdcc543794ff4803ca5a846c76e,"Germany, United States, France"
69d6eb26f76f753a2721143f7faf7e73,"Thailand, China, United States"
3ec310af4c8a86f633e2f8ae2d5fb309,"Nigeria, United Kingdom"
fe091c896a92e3b1f0540780aa03b229,"United Kingdom, United States, Japan"
e5c76a28d9bcd383b4ad61896e4ba3a7,"France, Morocco"
296d5bea933f8ca71cce40c40d8b7c6f,"India, United Kingdom, Canada, United States"
913f9c61f373742f0b7e386382aa3aa4,"Chile, Peru"
66531e11fa661d569510fd63c53ba3cb,"United States, Bermuda, Ecuador"
8bce0943f51c26fca9982c9f04f68664,"France, South Korea, Japan, United States"
6034db8f8a2d7fe69c0c00187da3a5fe,"China, United States, Canada"
173e3884e1cff8249398cd0bef2879ab,"United States, China, Colombia"
86f3b9c26dec44a544a4ca02a0fdaf39,"Czech Republic, United Kingdom, France"
e31959fe2842dacea4d16d36e9813620,Egypt
14cae4b4143ec5bfd1ed60b3e0b7ce72,"Italy, Brazil, Greece"
fa79c3005daec47ecff84a116a0927a1,Hungary
f784a9cafd12efa11b9da226e317c29a,"United Kingdom, Ukraine, United States"
c0c6a67bc54a414a07bd8bf6e3a3792d,"United States, Ghana, Burkina Faso, United Kingdom, Germany, Ethiopia"
3c44dbc45542ccb63597a8ebe2156587,"Israel, Germany, Poland, Luxembourg, Belgium, France, United States"
825e6b8593c7962278b75af0c0e37cfc,"Denmark, United Kingdom, Sweden"
28c26c3a0f66e3042eb7ac99a8a7d3d4,"United Kingdom, Germany, United States, France"
da769a8e5dd99338c098838f4e71e161,"India, Germany, Austria"
cac023c480a5fdb4f12a08fa92e599b9,"Canada, Australia"
50595fea89afd7b084f4c3833a082477,"United Kingdom, United States, France"
f02e90042a24153fb3457a39d0ea775f,"Sweden, United Kingdom, Finland"
321481f3b769f95f3386154650f8c1df,"United States, Italy"
ac54ceb16f073c8ef3894ac6bbd446ad,"United Kingdom, Canada, United States"
70ded1128832dd0680a62ba8c2a2a793,"Canada, Hungary, United States"
afab6bdd97a1fce22cde5de6732339c1,"United Kingdom, Australia, France, United States"
2b710545c54bddfe310cf5488d5dafae,"United Kingdom, Russia"
11bfb413d1f8c68537c330f485c37cfb,"Turkey, India"
8ef221f7488e54f954a90391c3cad4b7,"Argentina, Italy"
c0390f2aaea84bc788a0e7886ba521a6,"South Korea, Canada, United States, China"
bd3f0d3c11f4bb74e5bbe60911c0a02d,"Italy, France"
a2a26ed58fa8f4ffdb2eef288951f697,"Hong Kong, United States"
feec26793c671ee713053c05549e7203,"Finland, United States"
545b944d39602c3071ea6fa5bae6347c,"United States, France, United Kingdom, Japan"
0b4b93fbdec3b3adb8b3f490961dd657,"United States, Greece"
679312fb8418ec6b2961d9a65ac4ecd7,"United States, Canada, Indonesia, United Kingdom, China, Singapore"
0c3626b8b0e68b19cf1f14f6c83b753e,"United Arab Emirates, United States"
d418ec005370a3233749a2b5c49a5b1e,"United States, Australia, Mexico"
9b2df0281c09d003041fb22806d29fdd,"Denmark, France, Belgium, Italy, Netherlands, United States, United Kingdom"
4d6c90693e1a333fe636353a3c577509,"Taiwan, China"
ccbf55ce9d84d463d7f74fedd4564d18,"Taiwan, China, France, United States"
1adad45eeb433e79a961e42b3ee89937,"China, Taiwan"
f4d1ded5dc75084fe84ab3e47b0f11b7,"Italy, United Kingdom, France"
43b7bc91352b26051054645383002b04,"Norway, Sweden"
0a4fbc90b67dadb39c6830995da57bb5,"Hong Kong, Taiwan"
b65b5bc0b77d8adba45533d960aa2d4f,"France, United Kingdom"
c062fe48118488abccf04da77cf02553,"China, Spain, South Korea, United States"
54cc8d2aef0d50ab321dea5ca0368ea2,"United States, New Zealand, United Kingdom"
3964a459df9f9af3f8a8e832f22f8cce,"United States, China, Canada"
4fea404822d053846e2349bd4e8834e4,"United Kingdom, China, United States, India"
1325729cc77bd77e53661f2ca72cb97e,"United States, Canada, Germany"
a583c121c169b5fbd7e5653eed09471f,"United Kingdom, Hungary, Australia"
a7f032ce7588c4e3c75694354140f894,"France, Belgium, China, United States"
087d19c3447104b070f16e9b1c511819,"United Kingdom, France, Belgium"
f0d71d7b2d654379a369d082d88f0296,"Taiwan, Malaysia"
c2f8eca86664d8fb3563f9f65392cf5d,"Spain, Germany, Denmark, United States"
72ed672481c6324b5be2bbb36fe7e141,"Croatia, Slovenia, Serbia, Montenegro"
4b22b0fa327d3da3ebb92bd592847f60,"United States, Kazakhstan"
b287f29027430cd4463decdb57e4db93,"Germany, China, United Kingdom"
dcc6eb61b22dab9992addcde2edbc557,"United States, Czech Republic"
7faa2b851ed732147c4ad5a5c522ee99,"United States, China, Hong Kong"
d334986110b845a49bffb77e1685265a,"France, Belgium, Luxembourg, Romania, Canada, United States"
8416434de007ceec201b33d846524ea9,"United States, United Kingdom, Spain, South Korea"
73b1e72a2a199690cf7d5ea61408d7c5,"France, Canada, United States"
03278a0656dd31e0db2aa2490eb4552c,"Canada, Spain, France"
6326ebb17345cf3eff3a242020081491,"Denmark, Spain"
2eabf46fb87b85db7d133289710a56fa,"Peru, United States, United Kingdom"
53a9e7081081d3dee8841bd553ff89e0,"Philippines, Singapore"
afdaba7e156394cd3c5d46e14689b739,"South Korea, China"
f01fc92b23faa973f3492a23d5a705c5,Ukraine
c33f47ee263abeeb50e6567209873483,"Uruguay, Argentina, Germany, Spain"
2ea26f68b7ad17af93cfd71df2cfc379,"Finland, Germany"
fcb35ed230eb521d712731785a3947fc,"United Kingdom, Canada, Italy"
84f700c22766e99306fb7061e3e62fa7,"United States, Japan, Canada"
907eba32d950bfab68227fd7ea22999b,Spain
52cc0655dd7cb455578895baca7f68bf,"Spain, United Kingdom, United States"
50adb8a188f12c536c574ccb40d30b6f,"United States, France, Canada, Lebanon, Qatar"
69ae6a85eae04936d3ec3d8c21fa4080,"United Kingdom, Germany, France, United States"
2c454b50d8c07f360338757be3e05d35,"Spain, France, Italy"
03822be017d53403e03ed44b7ee6eec6,"United States, Canada, United Kingdom"
c740a146823839adf8b523e094956cd8,"France, Lebanon, United Kingdom"
53a577bb3bc587b0c28ab808390f1c9b,Japan
42537f0fb56e31e20ab9c2305752087d,Brazil
5c9ae19eeec2d649d96f7c3978030373,"United States, United Kingdom"
02c7732b0cdfde0844344d933f7ae165,"United States, China"
aeec96bccc22b1c04bf4092e2c0f8084,"United States, United Arab Emirates"
bb650d6529f5461ba621b824b2fe9296,"United States, India, United Arab Emirates"
6d8e1a774c632f015d13b611cf58c7d8,"Germany, France, United States, Canada, United Kingdom"
8ae5b4c14caf39e40cd514652ec1cec3,"United States, Cambodia, Romania"
037ce49fb53962241582f6215063cadf,"United States, Canada, France"
b45ff92cc522bb89bfc3b8ef3fc21b7d,Lebanon
a703ea7d7d952bb7e50192c1d44d443f,"Kenya, United States"
49f549e13f71f109c6b237ee6687650e,"China, Germany, India, United States"
f87d107b9dbb75d7d9bd413462130b17,"United Kingdom, Canada, Japan"
5a548c2f5875f10bf5614b7c258876cf,Israel
b873e7173120039ab2b1ec86796d4be7,"United States, Brazil, India, Uganda, China"
8b26de7cc2aa2ad8b9852971a4887d12,"Uruguay, Germany"
f2777fb606cd6710b6fa5bb5afbf3922,"Spain, Belgium, United States"
6ae1c11ed5880f8f7d39d836af36eb49,"United States, Colombia"
5beb556f151b2d788e1b0f97f0cf58e8,"Austria, Germany"
a4f7fc5b401405c6ec0553a555cdb76d,"Argentina, United States"
beab31c7320a0c4b638da3e441f6f8fa,"Spain, Germany"
77ff80d782411430e79b6546a8b20c49,"Russia, Spain"
17addbf0e8cef1d15ecbac59fd872411,"Germany, Australia, France, China"
bf5efbaa83557ca3df7520fb0b61bb52,"United Kingdom, Germany"
65c738654c00ee7b72ded0412ab7d507,"United Kingdom, Germany, United States"
d259bc65ac2f6b9c5caec33f17d70831,"Israel, United States"
ab8b7a8986e2a5147dde48c61577c7b4,"South Africa, China, United States"
3459580d1a352d0e055363141a6ac80d,"United States, Spain, Germany"
06e415f918c577f07328a52e24f75d43,Ireland
6bb8b99cb134626f7e7667fe64624322,"United States, Israel, United Kingdom, Canada"
07f3d5cffa964fbf718faea6f40547d4,"United Kingdom, South Africa"
5e71fb664d0f98e3510f2439b2bc7ed4,"United States, Australia, Samoa, United Kingdom"
07af89f6777a1a726c7cdf88fba6f642,"United Kingdom, Spain"
b78edab0f52e0d6c195fd0d8c5709d26,Iceland
ed0cc3e9b470413547d5c51336000937,"Chile, United States, France"
86c8b298a1610d8bfa032bd4bc0b6788,"Denmark, Germany, Belgium, United Kingdom, France, Sweden"
340b605aa770df39109faad437346633,"Mexico, France"
e7e814bdee1772bcb9eedb2a6c66b639,"France, Israel, Germany, United States, United Kingdom"
210528ef4f6abe748c413c8f12da5083,"India, Nepal"
b3db9cb787f8ef1f38f2a5a6089401b5,"United States, Australia, South Africa, United Kingdom"
615e363234cb82b36a3a8034cc46e97a,"India, Mexico"
f253efe302d32ab264a76e0ce65be769,United States
b1f5c0339f84df59f381d4be07245b69,"Canada, United Kingdom, Netherlands"
0eb10ad05114cbb145117af35c0fa265,"Germany, United Kingdom"
4a8f5adba875dbab0c80e570d4392c66,"United States, India"
ebf0fd9c78ddf17be6040dfe69d5b275,"Switzerland, United States"
89011424adaf3005889b8ec3f5b67089,"United Kingdom, Ireland"
16849a044d6311e65a35df180cec408e,"South Korea, Czech Republic"
c89bc418c38da77213c6c6e03cac2510,South Africa
37b2ce12ee80c60976909a26a575a5a2,"United Kingdom, France, United States, Belgium"
9e1756fc6832956a80f303b819ab2b2b,"United Kingdom,"
85fb13a8154a338d042c1cb61de22396,"United States, Nigeria"
092c3c394f8cf16b777e12da750d9523,"France, Brazil, Spain, Belgium"
c65b627f2f968f44df6abf81419f539a,"Brazil, United Kingdom"
a1d5f4922b8a34592986f9df5157fd35,"Ireland, Canada, United States, United Kingdom"
d85a3a38d57fe0f235aacfcf18a070bc,"United Kingdom, Malawi"
42eae9dd6f4421d822eeaf9d5804cade,"Italy, United States, Argentina"
c546cc00e6ee7a1816f324f4915473fa,"Germany, France, Russia"
07f3ca235faaa1c9ad16facef5526d8b,Mauritius
e557fb6916d90f36d97c7630baf6376f,"United States, France, Mexico"
8af558632842ff50fcc08daca8c364a2,"South Africa, United States, Japan"
4647d00cf81f8fb0ab80f753320d0fc9,Indonesia
b1042d4a6315d97565c954d694c6b725,"Denmark, United States"
52e3f538e8b886ddc7211302513fb889,"Uruguay, Spain, Mexico"
f016c6182ce44cda6bc5e12a4b1c4510,"France, Netherlands, Singapore"
7f2ca848cff91ddc7a4ec983d01f9987,"Canada, Nigeria"
756743eefbd830caef867b3f881b4012,"United States, South Korea, Japan"
6542f875eaa09a5c550e5f3986400ad9,Belarus
39200cf88fd9b016742af69b06eb5e31,"Germany, United States, Italy"
1eb033ce026513b2fe43d0e7185d55e0,"Canada, Luxembourg"
4b70c15d702abf7d368ca4e2896db9c0,"Mexico, Spain"
458e4cbc78201c1aec5fc53a31c59378,Singapore
8e9d11905804c98462641b4511e8dc24,"United Kingdom, France, Belgium, United States"
c71df74c93041afb235d729798ab64e2,"Soviet Union, India"
e949102a27f0a51d06a998e5598c61e1,"Netherlands, Germany, Denmark, United Kingdom"
8490a6e1029d9d46f73c4b6a256a7976,"South Korea, China, United States"
7351c55a8bec11d430f05cea65e15d5e,"Italy, Belgium"
713d8b4591b79cc69b26cb41c8819580,"Spain, Mexico, France"
ecf43bb4a500252f97773f07c7f692c0,"Indonesia, Netherlands"
deef12f3796891e3bf172b8e0f119432,"United States, Brazil, South Korea, Mexico, Japan, Germany"
e960718a2b0786568818a1c741a66438,"Belgium, United Kingdom"
c703b3b3fe1bca95106a05b52880a0e5,"United Kingdom, France, United States"
f2dfbb7bca6660f9208dff5fcfa7feaf,"United Kingdom, Brazil, Germany"
9487262359592d0027a3cf8c4b500f1a,"Colombia, Mexico"
b6b5beb1fb894e314050540e780a5f2e,"Pakistan, Norway, United States"
e7400496f1ce70cb62c2c44ca2ddc469,Ghana
358fca21cf8764c04d8ce84d2f961f24,"Argentina, Brazil, France, Poland, Germany, Denmark"
e60a718ff2ef9054d64717ee8f5af842,"Colombia, United States"
b7339c463d6ea96ed3b69c1f7cfd5a84,"Spain, France, Uruguay"
b01fe9408cef4d379acb2a66cbf826f2,"United States, Mexico, Spain, Malta"
b49c22c657e1f5888370371d79254df7,"Greece, United States"
d1c1eb05383e764639fb4d6dae29bb52,"Indonesia, United Kingdom"
cb2ed0123f698d2344e624091d87765b,"Mexico, Finland"
5abcf4f24108146efe76e20050047710,"Malaysia, Singapore, Hong Kong"
215458c4bad94d2a1ad6b592135bbe44,"China, India, Nepal"
f3d255b12782738571e8a183fa912fff,"United States, India, South Korea, China"
6f781c6559a0c605da918096bdb69edf,Finland
4f497d1e3dd0495d07e8b09ef644070a,"United States, Germany"
3695a66fa92fe7a500f4bc48f7c3c3bd,"France, United States"
ee37a1155b0875c40aacdfd2e739e00a,"Thailand, Canada, United States"
7087356137dae11f69ddad180a9c09e3,"Australia, United Kingdom, Canada"
2d6b168a725039c8731c1e9da9a61dc6,"New Zealand, Australia, France, United States"
1fde6ee193065d06b86699586735ea15,"Slovenia, Croatia, Germany, Czech Republic, Qatar"
c71e45784c6fa1b4651e27dd20ffb435,"United States, United Kingdom, Morocco"
cdb665fdafd11a8ae058ed73eaab6140,"Ireland, France, Iceland, United States, Mexico, Belgium, United Kingdom, Hong Kong"
74a0b193610a7a0eac073667cc30de49,"Romania, United States"
c8f4261f9f46e6465709e17ebea7a92b,Sweden
98a11f9f3ce4af339fb740f0718e6ab5,"Argentina, Chile, Peru"
0de3bb91d906688a4f8845c841eb1e3f,"Ireland, United States, United Kingdom"
1eacd588535c7f4e9c65860ce41ca514,"Canada, Japan, United States"
3b8419431001799897403b518d41491e,"China, South Korea, United States"
cb3a0059b0f89b34cf2ccd9729ed8882,"France, China, Japan, United States"
5d7e3e44243cf4be9eb8b3126112cf59,"United States, Mexico"
a5a4c61070ccc368eac129a50e0608f5,"Hong Kong, China"
ebbd90e4722f8f2c42f2188b74b0d322,"United States, Germany, United Kingdom, Italy"
2f163c6d6384db883c7c551ad3e0ee13,"United States, United Kingdom, Italy"
bcf0fba3343ad1a0bb9264077b7bcfb8,"Switzerland, United Kingdom, Australia"
05387f3ca38d7bd84ae35f31f2899ecf,Kuwait
b7162a1c8bd549a73a029c3c8c73df57,"Canada, Germany, South Africa"
49373f6cdc89190102b22976b8321811,"India, Soviet Union"
424214945ba5615eca039bfe5d731c09,Denmark
d2f17874e1c01a4bcababf1f4d0e5d01,"Spain, Argentina"
f373a55b2e2e055690535355f5b4ccab,"United Arab Emirates, Romania"
17df9e87b5eb0a1b3b8a126c1d42f658,"Australia, New Zealand"
eaa6c336a64607c7a2879ebecd6b63eb,"Canada, United States, France"
9d02abcd121b08e36930848a6737a896,"China, United Kingdom"
9ae2f12797ebe1beafdbca232595485e,"Canada, United States, Ireland"
e026f42f1c813b3c7919398b50dee98c,"France, Luxembourg, Canada"
d363ac2b1ccfd13c30ac3a4c7a42745a,"Hong Kong, Canada, United States"
5e81fa69a2664155257d854fe5279613,"France, Canada, China, Cambodia"
41d594863c95ba71ad8aaf9138b68710,"Czech Republic, United Kingdom, United States"
919fb66f29bc1ebb39301557904f78c1,"Canada, Mexico, Germany, South Africa"
13f2a3e271dea68b5bae8dbf6c439a23,"France, United States, United Kingdom, Canada"
1198a5aa432f64db3362ba87507a4541,"Germany, Jordan, Netherlands"
6b250d048ee36479db8427be3d81b702,"France, Senegal, Belgium"
4bf56dc7c19fd8655d896eaa1a5afd79,"Spain, Colombia"
704c377cc7b56e8d4d113337d9e1c742,"China, Morocco, Hong Kong"
e8c8a703404c1ceeea75bc8a694253ce,"United States, Denmark"
a080e9367cc9654e94d04725a8ed2cf8,"Czech Republic, France"
867c1fd9b141eccc166fec40217f8df6,"Portugal, France, Poland, United States"
bb560c515372c2cc8344cc520107e002,"Sweden, Czech Republic, United Kingdom, Denmark, Netherlands"
dccf1b5bfae8848f326b14fca7affc17,"Jamaica, United States"
985a468378c4b72e9b52dcaeb88e103d,"United States, Brazil, Japan, Spain, India"
ae5635eae7f19991d2d328198e3ef318,"Canada, Brazil"
66d7318c2b93609b3bf4f92c627832e3,"United Kingdom, India, United States"
2eba818c80c9d3fd258198595f29fcd5,"United States, Greece, Brazil"
c9f74e40021cfa9b583b561c4ba87db0,"United States, South Africa"
af95863790593d29574797940a34ea86,"United Kingdom, Norway, Denmark, Germany, Sweden"
b460f5093d8ce8a7817663e52133b195,"Ireland, United States"
1c8167502e9c3112e56303619be53856,"Hong Kong, China, Singapore"
82ae5a6d0cf772598624b61243fcd224,"Ireland, United Kingdom, Greece, France, Netherlands"
078865143308f0d77115f4433c50c016,"United States, United Kingdom, France, Germany, Japan"
5e5db71610cfdd29589f879ae550b21b,"France, Belgium, Luxembourg, Cambodia,"
41380fa15062c50d67e4d6344c1801ec,"Italy, Germany"
faca1ad0996479c5cbdb899ceff620f3,"Australia, Armenia, Japan, Jordan, Mexico, Mongolia, New Zealand, Philippines, South Africa, Sweden, United States, Uruguay"
c9393b901d804d7384d780747bc6e000,"Syria, France, Lebanon, Qatar"
f01ec0b0e37cd86c535032b8f8723820,"France, Qatar"
19fbd74a412af9212f1553164eb73752,"Lebanon, Syria"
3dc47b6b67a82bf05a6b9de6a1584c2f,"United Kingdom, United States, Ireland"
4442e4af0916f53a07fb8ca9a49b98ed,Australia
ff14a99961c273876809512ee4b5b921,"United States, East Germany, West Germany"
2f505327539acbc0ab0ac2f263e88d15,"China, Canada, United States"
7080a0020df610b2929cd4797f816a03,"United States, France, Italy, United Kingdom"
26ac20ba85c85e9c9e686fa0c8e8b445,"Russia, Poland, Serbia"
4b9ef50fe0d70b1d9058a28a820e5d74,"United States, Malta, France, United Kingdom"
7612ca6333510e49de98178a6b53e761,"United Kingdom, France, Spain, United States"
6457ab81bd8018a7df2ad7349fcf8b10,"South Africa, United States, Germany"
edada23423e3db757f8605048f629399,"Netherlands, United States"
0eae0359dd60d8f14e1f6301b95ca88c,"Iceland, Sweden, Belgium"
6f66cfb6608045d27b75d04b9914218b,"Denmark, France, Poland"
9a198612e74b038d407a6e5b514a99e1,"United Arab Emirates, United Kingdom, India"
b69ec7677440e8d5455921c96228ecfe,"Turkey, South Korea"
522281394d10792a213cf7e6cb4e423f,"Spain, Italy"
